lat,long,elev,timediff
408649615,-778304700,3377,0:15:14.890000
408649615,-778304700,3377,0:15:15
408649615,-778304700,3377,0:15:15.100000
408649615,-778304700,3377,0:15:15.200000
408649615,-778304700,3377,0:15:15.290000
408649615,-778304700,3377,0:15:15.390000
408649615,-778304700,3377,0:15:15.490000
408649615,-778304700,3377,0:15:15.590000
408649615,-778304700,3377,0:15:15.690000
408649615,-778304700,3377,0:15:15.790000
408649615,-778304700,3377,0:15:15.890000
408649615,-778304700,3377,0:15:15.990000
408649615,-778304700,3377,0:15:16.100000
408649615,-778304700,3377,0:15:16.200000
408649615,-778304700,3377,0:15:16.290000
408649615,-778304700,3377,0:15:16.390000
408649615,-778304700,3377,0:15:16.500000
408649615,-778304700,3377,0:15:16.590000
408649615,-778304700,3377,0:15:16.700000
408649615,-778304700,3377,0:15:16.790000
408649615,-778304700,3377,0:15:16.890000
408649615,-778304700,3377,0:15:17
408649615,-778304700,3377,0:15:17.090000
408649615,-778304700,3377,0:15:17.190000
408649615,-778304700,3377,0:15:17.290000
408649615,-778304700,3377,0:15:17.400000
408649615,-778304700,3377,0:15:17.500000
408649615,-778304700,3377,0:15:17.590000
408649615,-778304700,3377,0:15:17.700000
408649615,-778304700,3377,0:15:17.790000
408649615,-778304700,3377,0:15:17.890000
408649615,-778304700,3377,0:15:17.990000
408649615,-778304700,3377,0:15:18.090000
408649615,-778304700,3377,0:15:18.190000
408649615,-778304700,3377,0:15:18.300000
408649615,-778304700,3377,0:15:18.390000
408649615,-778304700,3377,0:15:18.490000
408649615,-778304700,3377,0:15:18.590000
408649615,-778304700,3377,0:15:18.690000
408649615,-778304700,3377,0:15:18.800000
408649615,-778304700,3377,0:15:18.900000
408649615,-778304700,3377,0:15:19
408649615,-778304700,3377,0:15:19.090000
408649615,-778304700,3377,0:15:19.190000
408649615,-778304700,3377,0:15:19.290000
408649615,-778304700,3377,0:15:19.400000
408649615,-778304700,3377,0:15:19.490000
408649615,-778304700,3377,0:15:19.590000
408649615,-778304700,3377,0:15:19.690000
408649615,-778304700,3377,0:15:19.790000
408649615,-778304700,3377,0:15:19.900000
408649615,-778304700,3377,0:15:19.990000
408649615,-778304700,3377,0:15:20.100000
408649615,-778304700,3377,0:15:20.190000
408649615,-778304700,3377,0:15:20.290000
408649615,-778304700,3377,0:15:20.390000
408649615,-778304700,3377,0:15:20.500000
408649615,-778304700,3377,0:15:20.600000
408649615,-778304700,3377,0:15:20.710000
408649615,-778304700,3377,0:15:20.790000
408649615,-778304700,3377,0:15:20.900000
408649615,-778304700,3377,0:15:20.930000
408649615,-778304700,3377,0:15:21.040000
408649615,-778304700,3377,0:15:21.130000
408649615,-778304700,3377,0:15:21.230000
408649615,-778304700,3377,0:15:21.330000
408649615,-778304700,3377,0:15:21.430000
408649615,-778304700,3377,0:15:21.530000
408649615,-778304700,3377,0:15:21.630000
408649615,-778304700,3377,0:15:21.730000
408649615,-778304700,3377,0:15:21.830000
408649615,-778304700,3377,0:15:21.930000
408649615,-778304700,3377,0:15:22.030000
408649615,-778304700,3377,0:15:22.130000
408649615,-778304700,3377,0:15:22.230000
408649615,-778304700,3377,0:15:22.330000
408649615,-778304700,3377,0:15:22.430000
408649615,-778304700,3377,0:15:22.530000
408649615,-778304700,3377,0:15:22.630000
408649615,-778304700,3377,0:15:22.730000
408649615,-778304700,3377,0:15:22.830000
408649615,-778304700,3377,0:15:22.930000
408649615,-778304700,3377,0:15:23.030000
408649615,-778304700,3377,0:15:23.130000
408649615,-778304700,3377,0:15:23.230000
408649615,-778304700,3377,0:15:23.330000
408649615,-778304700,3377,0:15:23.440000
408649615,-778304700,3377,0:15:23.530000
408649615,-778304700,3377,0:15:23.630000
408649615,-778304700,3377,0:15:23.730000
408649615,-778304700,3377,0:15:23.830000
408649615,-778304700,3377,0:15:23.930000
408649615,-778304700,3377,0:15:24.030000
408649615,-778304700,3377,0:15:24.130000
408649615,-778304700,3377,0:15:24.230000
408649615,-778304700,3377,0:15:24.330000
408649615,-778304700,3377,0:15:24.430000
408649615,-778304700,3377,0:15:24.530000
408649615,-778304700,3377,0:15:24.640000
408649615,-778304700,3377,0:15:24.730000
408649615,-778304700,3377,0:15:24.830000
408649615,-778304700,3377,0:15:24.940000
408649632,-778304691,3377,0:15:25.030000
408649638,-778304691,3377,0:15:25.130000
408649647,-778304687,3377,0:15:25.230000
408649656,-778304685,3377,0:15:25.330000
408649663,-778304683,3377,0:15:25.430000
408649671,-778304681,3377,0:15:25.540000
408649703,-778304682,3377,0:15:25.630000
408649722,-778304679,3377,0:15:25.730000
408649741,-778304675,3377,0:15:25.840000
408649766,-778304675,3378,0:15:25.930000
408649790,-778304659,3379,0:15:26.030000
408649817,-778304651,3379,0:15:26.130000
408649847,-778304652,3379,0:15:26.230000
408649881,-778304652,3379,0:15:26.340000
408649913,-778304655,3379,0:15:26.430000
408649943,-778304656,3379,0:15:26.530000
408649981,-778304654,3379,0:15:26.630000
408650015,-778304656,3379,0:15:26.730000
408650047,-778304654,3380,0:15:26.830000
408650083,-778304659,3380,0:15:26.930000
408650110,-778304640,3381,0:15:27.030000
408650142,-778304643,3381,0:15:27.130000
408650182,-778304649,3381,0:15:27.230000
408650220,-778304652,3380,0:15:27.330000
408650258,-778304658,3380,0:15:27.430000
408650296,-778304666,3381,0:15:27.530000
408650334,-778304671,3381,0:15:27.640000
408650369,-778304682,3381,0:15:27.740000
408650408,-778304694,3381,0:15:27.840000
408650452,-778304700,3381,0:15:27.940000
408650491,-778304704,3382,0:15:28.050000
408650536,-778304716,3382,0:15:28.140000
408650579,-778304727,3382,0:15:28.240000
408650626,-778304743,3382,0:15:28.340000
408650672,-778304758,3383,0:15:28.440000
408650721,-778304772,3382,0:15:28.540000
408650770,-778304784,3382,0:15:28.640000
408650821,-778304797,3382,0:15:28.740000
408650875,-778304812,3382,0:15:28.840000
408650927,-778304832,3382,0:15:28.940000
408650982,-778304852,3382,0:15:29.040000
408651041,-778304875,3382,0:15:29.140000
408651097,-778304896,3382,0:15:29.240000
408651156,-778304919,3382,0:15:29.340000
408651212,-778304944,3381,0:15:29.440000
408651270,-778304968,3381,0:15:29.540000
408651327,-778304996,3381,0:15:29.640000
408651385,-778305023,3381,0:15:29.740000
408651441,-778305051,3381,0:15:29.850000
408651501,-778305082,3381,0:15:29.940000
408651557,-778305112,3381,0:15:30.040000
408651616,-778305146,3381,0:15:30.140000
408651671,-778305177,3380,0:15:30.240000
408651725,-778305209,3381,0:15:30.340000
408651783,-778305242,3380,0:15:30.440000
408651839,-778305275,3380,0:15:30.540000
408651896,-778305308,3380,0:15:30.640000
408651951,-778305342,3380,0:15:30.740000
408652009,-778305375,3380,0:15:30.840000
408652066,-778305410,3380,0:15:30.940000
408652131,-778305459,3380,0:15:31.040000
408652189,-778305495,3380,0:15:31.150000
408652247,-778305527,3380,0:15:31.240000
408652306,-778305560,3380,0:15:31.350000
408652365,-778305594,3379,0:15:31.440000
408652424,-778305629,3379,0:15:31.540000
408652484,-778305660,3379,0:15:31.640000
408652546,-778305695,3379,0:15:31.740000
408652606,-778305730,3379,0:15:31.840000
408652664,-778305766,3379,0:15:31.940000
408652731,-778305822,3380,0:15:32.040000
408652793,-778305856,3379,0:15:32.140000
408652851,-778305889,3380,0:15:32.240000
408652912,-778305923,3379,0:15:32.340000
408652974,-778305961,3379,0:15:32.440000
408653036,-778305997,3379,0:15:32.540000
408653097,-778306033,3379,0:15:32.640000
408653160,-778306069,3379,0:15:32.710000
408653222,-778306107,3379,0:15:32.810000
408653285,-778306144,3379,0:15:32.910000
408653347,-778306182,3380,0:15:33.010000
408653411,-778306220,3380,0:15:33.110000
408653472,-778306259,3380,0:15:33.220000
408653536,-778306299,3379,0:15:33.310000
408653597,-778306337,3380,0:15:33.410000
408653658,-778306377,3380,0:15:33.510000
408653723,-778306417,3380,0:15:33.610000
408653787,-778306460,3380,0:15:33.710000
408653852,-778306502,3380,0:15:33.810000
408653916,-778306545,3380,0:15:33.900000
408653978,-778306591,3380,0:15:34.010000
408654040,-778306637,3381,0:15:34.100000
408654106,-778306685,3381,0:15:34.200000
408654171,-778306729,3381,0:15:34.310000
408654235,-778306778,3381,0:15:34.400000
408654298,-778306826,3381,0:15:34.500000
408654362,-778306873,3381,0:15:34.600000
408654427,-778306922,3381,0:15:34.700000
408654489,-778306971,3381,0:15:34.800000
408654551,-778307024,3381,0:15:34.900000
408654612,-778307079,3382,0:15:35
408654675,-778307134,3382,0:15:35.100000
408654738,-778307183,3382,0:15:35.200000
408654802,-778307239,3382,0:15:35.310000
408654865,-778307297,3382,0:15:35.400000
408654927,-778307349,3382,0:15:35.500000
408654990,-778307405,3382,0:15:35.600000
408655052,-778307464,3382,0:15:35.700000
408655113,-778307520,3382,0:15:35.800000
408655174,-778307579,3383,0:15:35.900000
408655237,-778307643,3383,0:15:36
408655297,-778307706,3383,0:15:36.100000
408655358,-778307768,3383,0:15:36.200000
408655418,-778307827,3383,0:15:36.300000
408655474,-778307891,3383,0:15:36.400000
408655533,-778307952,3383,0:15:36.520000
408655593,-778308013,3383,0:15:36.600000
408655650,-778308075,3384,0:15:36.680000
408655706,-778308136,3384,0:15:36.790000
408655760,-778308204,3384,0:15:36.890000
408655824,-778308266,3385,0:15:36.990000
408655877,-778308330,3385,0:15:37.190000
408655933,-778308395,3385,0:15:37.200000
408655986,-778308461,3385,0:15:37.300000
408656037,-778308524,3386,0:15:37.390000
408656088,-778308585,3386,0:15:37.590000
408656141,-778308652,3386,0:15:37.600000
408656189,-778308719,3386,0:15:37.690000
408656240,-778308785,3386,0:15:37.800000
408656288,-778308851,3386,0:15:37.880000
408656341,-778308918,3387,0:15:37.980000
408656387,-778308989,3387,0:15:38.080000
408656431,-778309053,3388,0:15:38.180000
408656477,-778309121,3388,0:15:38.290000
408656525,-778309185,3388,0:15:38.380000
408656569,-778309252,3388,0:15:38.480000
408656613,-778309321,3388,0:15:38.580000
408656655,-778309389,3388,0:15:38.680000
408656700,-778309456,3388,0:15:38.780000
408656742,-778309523,3388,0:15:38.890000
408656787,-778309590,3388,0:15:38.980000
408656826,-778309657,3388,0:15:39.080000
408656866,-778309726,3388,0:15:39.180000
408656905,-778309797,3389,0:15:39.280000
408656946,-778309865,3389,0:15:39.380000
408656985,-778309937,3389,0:15:39.490000
408657024,-778310007,3388,0:15:39.580000
408657060,-778310078,3389,0:15:39.680000
408657098,-778310148,3389,0:15:39.780000
408657135,-778310220,3389,0:15:39.880000
408657177,-778310295,3389,0:15:39.980000
408657211,-778310369,3389,0:15:40.080000
408657246,-778310444,3389,0:15:40.180000
408657277,-778310518,3389,0:15:40.280000
408657313,-778310594,3390,0:15:40.380000
408657348,-778310668,3390,0:15:40.480000
408657383,-778310744,3390,0:15:40.580000
408657415,-778310819,3390,0:15:40.680000
408657445,-778310897,3390,0:15:40.780000
408657478,-778310975,3390,0:15:40.890000
408657511,-778311057,3390,0:15:40.980000
408657544,-778311139,3390,0:15:41.080000
408657574,-778311221,3390,0:15:41.180000
408657607,-778311304,3390,0:15:41.280000
408657639,-778311387,3390,0:15:41.380000
408657668,-778311472,3390,0:15:41.480000
408657700,-778311556,3391,0:15:41.580000
408657727,-778311644,3391,0:15:41.680000
408657757,-778311729,3391,0:15:41.780000
408657785,-778311818,3391,0:15:41.880000
408657817,-778311908,3391,0:15:41.990000
408657844,-778311998,3392,0:15:42.080000
408657870,-778312089,3392,0:15:42.180000
408657896,-778312176,3392,0:15:42.280000
408657921,-778312267,3392,0:15:42.380000
408657945,-778312360,3392,0:15:42.480000
408657972,-778312450,3392,0:15:42.580000
408657996,-778312540,3392,0:15:42.690000
408658021,-778312632,3392,0:15:42.780000
408658044,-778312725,3393,0:15:42.880000
408658072,-778312823,3393,0:15:42.970000
408658092,-778312919,3393,0:15:43.070000
408658114,-778313012,3393,0:15:43.170000
408658136,-778313108,3393,0:15:43.270000
408658156,-778313203,3393,0:15:43.380000
408658156,-778313203,3393,0:15:43.470000
408658175,-778313298,3393,0:15:43.570000
408658194,-778313394,3393,0:15:43.670000
408658213,-778313494,3393,0:15:43.770000
408658232,-778313590,3393,0:15:43.920000
408658248,-778313689,3393,0:15:43.970000
408658271,-778313790,3394,0:15:44.070000
408658286,-778313891,3394,0:15:44.170000
408658301,-778313990,3394,0:15:44.270000
408658315,-778314091,3394,0:15:44.370000
408658331,-778314192,3394,0:15:44.470000
408658345,-778314294,3394,0:15:44.570000
408658361,-778314396,3394,0:15:44.670000
408658374,-778314496,3395,0:15:44.770000
408658387,-778314600,3394,0:15:44.870000
408658397,-778314703,3395,0:15:44.970000
408658413,-778314810,3394,0:15:45.070000
408658423,-778314916,3395,0:15:45.170000
408658434,-778315019,3395,0:15:45.270000
408658443,-778315124,3395,0:15:45.370000
408658452,-778315230,3395,0:15:45.470000
408658458,-778315337,3395,0:15:45.580000
408658464,-778315444,3395,0:15:45.670000
408658470,-778315551,3396,0:15:45.770000
408658475,-778315659,3395,0:15:45.910000
408658479,-778315768,3395,0:15:45.970000
408658483,-778315873,3396,0:15:46.070000
408658483,-778315984,3396,0:15:46.170000
408658485,-778316095,3396,0:15:46.280000
408658485,-778316204,3396,0:15:46.370000
408658487,-778316317,3396,0:15:46.470000
408658487,-778316430,3396,0:15:46.570000
408658487,-778316542,3396,0:15:46.670000
408658483,-778316655,3397,0:15:46.770000
408658481,-778316768,3396,0:15:46.930000
408658478,-778316884,3397,0:15:46.980000
408658479,-778317000,3396,0:15:47.070000
408658472,-778317117,3396,0:15:47.170000
408658469,-778317230,3396,0:15:47.270000
408658465,-778317346,3396,0:15:47.370000
408658457,-778317461,3397,0:15:47.470000
408658449,-778317577,3397,0:15:47.570000
408658440,-778317692,3397,0:15:47.670000
408658432,-778317810,3397,0:15:47.770000
408658423,-778317926,3397,0:15:47.920000
408658412,-778318042,3397,0:15:47.970000
408658410,-778318163,3397,0:15:48.070000
408658397,-778318282,3397,0:15:48.170000
408658384,-778318399,3397,0:15:48.270000
408658372,-778318517,3397,0:15:48.370000
408658358,-778318635,3398,0:15:48.480000
408658342,-778318753,3398,0:15:48.570000
408658327,-778318872,3398,0:15:48.670000
408658311,-778318991,3398,0:15:48.770000
408658296,-778319112,3398,0:15:48.870000
408658278,-778319233,3399,0:15:48.970000
408658259,-778319354,3399,0:15:49.070000
408658240,-778319476,3399,0:15:49.170000
408658221,-778319595,3399,0:15:49.280000
408658202,-778319717,3400,0:15:49.370000
408658180,-778319840,3400,0:15:49.470000
408658160,-778319961,3400,0:15:49.570000
408658139,-778320084,3400,0:15:49.670000
408658117,-778320206,3401,0:15:49.770000
408658094,-778320330,3401,0:15:49.870000
408658072,-778320455,3401,0:15:49.970000
408658059,-778320581,3401,0:15:50.070000
408658032,-778320705,3401,0:15:50.170000
408658008,-778320831,3401,0:15:50.280000
408657984,-778320956,3401,0:15:50.370000
408657959,-778321083,3401,0:15:50.470000
408657933,-778321208,3401,0:15:50.570000
408657908,-778321336,3402,0:15:50.690000
408657884,-778321462,3401,0:15:50.770000
408657856,-778321590,3402,0:15:50.870000
408657831,-778321717,3402,0:15:50.970000
408657808,-778321846,3402,0:15:51.070000
408657783,-778321976,3402,0:15:51.170000
408657756,-778322104,3402,0:15:51.270000
408657728,-778322234,3402,0:15:51.370000
408657700,-778322363,3402,0:15:51.470000
408657674,-778322493,3402,0:15:51.570000
408657647,-778322621,3402,0:15:51.670000
408657622,-778322752,3402,0:15:51.770000
408657596,-778322882,3402,0:15:51.880000
408657568,-778323011,3403,0:15:51.970000
408657547,-778323144,3402,0:15:52.070000
408657518,-778323274,3403,0:15:52.170000
408657489,-778323404,3403,0:15:52.280000
408657464,-778323536,3403,0:15:52.370000
408657436,-778323666,3403,0:15:52.470000
408657405,-778323796,3403,0:15:52.570000
408657379,-778323929,3403,0:15:52.670000
408657350,-778324061,3403,0:15:52.780000
408657325,-778324194,3403,0:15:52.870000
408657298,-778324327,3403,0:15:52.970000
408657272,-778324461,3404,0:15:53.070000
408657244,-778324599,3403,0:15:53.170000
408657216,-778324732,3404,0:15:53.270000
408657189,-778324867,3403,0:15:53.390000
408657158,-778325000,3404,0:15:53.470000
408657129,-778325134,3403,0:15:53.570000
408657100,-778325270,3403,0:15:53.670000
408657070,-778325409,3403,0:15:53.780000
408657040,-778325544,3403,0:15:53.870000
408657009,-778325681,3404,0:15:53.980000
408656984,-778325816,3403,0:15:54.070000
408656954,-778325957,3403,0:15:54.170000
408656924,-778326097,3403,0:15:54.270000
408656892,-778326234,3403,0:15:54.370000
408656861,-778326374,3404,0:15:54.470000
408656831,-778326514,3403,0:15:54.570000
408656799,-778326653,3404,0:15:54.670000
408656769,-778326794,3404,0:15:54.770000
408656737,-778326934,3404,0:15:54.870000
408656708,-778327077,3404,0:15:54.970000
408656680,-778327220,3404,0:15:55.070000
408656650,-778327363,3404,0:15:55.180000
408656620,-778327506,3404,0:15:55.270000
408656589,-778327648,3404,0:15:55.370000
408656559,-778327794,3404,0:15:55.470000
408656526,-778327934,3404,0:15:55.570000
408656496,-778328078,3404,0:15:55.670000
408656466,-778328222,3404,0:15:55.770000
408656436,-778328366,3404,0:15:55.870000
408656403,-778328509,3404,0:15:55.970000
408656370,-778328651,3404,0:15:56.070000
408656339,-778328797,3404,0:15:56.170000
408656307,-778328941,3404,0:15:56.270000
408656275,-778329085,3404,0:15:56.370000
408656245,-778329231,3404,0:15:56.430000
408656212,-778329375,3404,0:15:56.520000
408656180,-778329521,3404,0:15:56.620000
408656150,-778329666,3404,0:15:56.740000
408656117,-778329811,3404,0:15:56.820000
408656087,-778329957,3404,0:15:56.920000
408656055,-778330104,3404,0:15:57.020000
408656025,-778330251,3404,0:15:57.120000
408655994,-778330398,3403,0:15:57.220000
408655962,-778330544,3403,0:15:57.320000
408655931,-778330689,3403,0:15:57.420000
408655900,-778330837,3403,0:15:57.520000
408655868,-778330981,3403,0:15:57.620000
408655837,-778331127,3403,0:15:57.720000
408655804,-778331271,3403,0:15:57.820000
408655773,-778331416,3403,0:15:57.920000
408655740,-778331562,3404,0:15:58.040000
408655708,-778331708,3404,0:15:58.120000
408655678,-778331852,3403,0:15:58.230000
408655647,-778331998,3403,0:15:58.320000
408655615,-778332139,3403,0:15:58.420000
408655583,-778332281,3403,0:15:58.520000
408655554,-778332426,3403,0:15:58.630000
408655522,-778332567,3403,0:15:58.720000
408655493,-778332710,3403,0:15:58.820000
408655462,-778332853,3403,0:15:58.920000
408655432,-778332995,3404,0:15:59.020000
408655402,-778333139,3403,0:15:59.120000
408655369,-778333281,3403,0:15:59.220000
408655340,-778333424,3403,0:15:59.320000
408655308,-778333566,3403,0:15:59.420000
408655277,-778333707,3403,0:15:59.540000
408655248,-778333849,3403,0:15:59.620000
408655216,-778333993,3403,0:15:59.720000
408655184,-778334136,3403,0:15:59.820000
408655155,-778334279,3403,0:15:59.930000
408655128,-778334427,3403,0:16:00.020000
408655097,-778334569,3402,0:16:00.120000
408655065,-778334713,3402,0:16:00.230000
408655033,-778334857,3403,0:16:00.330000
408655002,-778335001,3402,0:16:00.420000
408654970,-778335143,3403,0:16:00.520000
408654940,-778335286,3403,0:16:00.630000
408654907,-778335429,3403,0:16:00.730000
408654878,-778335575,3402,0:16:00.830000
408654848,-778335719,3403,0:16:00.920000
408654819,-778335864,3403,0:16:01.110000
408654785,-778336008,3403,0:16:01.120000
408654754,-778336152,3403,0:16:01.330000
408654726,-778336297,3402,0:16:01.330000
408654695,-778336441,3402,0:16:01.430000
408654665,-778336585,3402,0:16:01.520000
408654634,-778336731,3402,0:16:01.620000
408654604,-778336875,3402,0:16:01.720000
408654572,-778337017,3402,0:16:01.820000
408654542,-778337161,3402,0:16:01.920000
408654514,-778337307,3402,0:16:02.020000
408654485,-778337451,3401,0:16:02.120000
408654451,-778337597,3402,0:16:02.220000
408654419,-778337739,3402,0:16:02.320000
408654390,-778337885,3402,0:16:02.420000
408654359,-778338029,3401,0:16:02.520000
408654328,-778338174,3402,0:16:02.630000
408654299,-778338318,3402,0:16:02.720000
408654265,-778338463,3401,0:16:02.820000
408654235,-778338608,3401,0:16:02.920000
408654206,-778338753,3401,0:16:03.020000
408654176,-778338898,3401,0:16:03.120000
408654144,-778339044,3401,0:16:03.240000
408654114,-778339188,3401,0:16:03.320000
408654082,-778339331,3401,0:16:03.420000
408654053,-778339477,3401,0:16:03.520000
408654020,-778339623,3401,0:16:03.730000
408653992,-778339768,3401,0:16:03.740000
408653959,-778339912,3401,0:16:03.920000
408653926,-778340056,3401,0:16:03.930000
408653895,-778340202,3401,0:16:04.100000
408653864,-778340350,3401,0:16:04.120000
408653833,-778340497,3401,0:16:04.290000
408653797,-778340640,3401,0:16:04.330000
408653769,-778340785,3401,0:16:04.480000
408653738,-778340932,3401,0:16:04.660000
408653705,-778341076,3400,0:16:04.670000
408653705,-778341076,3400,0:16:04.720000
408653673,-778341222,3401,0:16:04.830000
408653642,-778341366,3401,0:16:04.930000
408653611,-778341511,3400,0:16:05.020000
408653576,-778341656,3401,0:16:05.120000
408653543,-778341801,3401,0:16:05.220000
408653482,-778342094,3400,0:16:05.320000
408653449,-778342238,3401,0:16:05.430000
408653419,-778342384,3401,0:16:05.520000
408653419,-778342384,3401,0:16:05.620000
408653355,-778342675,3400,0:16:05.730000
408653323,-778342820,3400,0:16:05.820000
408653290,-778342966,3400,0:16:05.920000
408653290,-778342966,3400,0:16:06.020000
408653261,-778343112,3401,0:16:06.120000
408653196,-778343404,3400,0:16:06.220000
408653163,-778343551,3400,0:16:06.320000
408653163,-778343551,3400,0:16:06.420000
408653131,-778343697,3400,0:16:06.520000
408653101,-778343843,3400,0:16:06.630000
408653069,-778343986,3400,0:16:06.810000
408653036,-778344133,3400,0:16:06.830000
408653003,-778344277,3400,0:16:07
408652974,-778344426,3400,0:16:07.020000
408652939,-778344574,3400,0:16:07.190000
408652905,-778344717,3400,0:16:07.220000
408652873,-778344862,3400,0:16:07.380000
408652843,-778345011,3399,0:16:07.420000
408652810,-778345157,3400,0:16:07.520000
408652778,-778345302,3400,0:16:07.620000
408652714,-778345593,3400,0:16:07.720000
408652682,-778345742,3399,0:16:07.820000
408652682,-778345742,3399,0:16:07.920000
408652622,-778346035,3399,0:16:08.030000
408652590,-778346182,3399,0:16:08.120000
408652590,-778346182,3399,0:16:08.220000
408652558,-778346328,3399,0:16:08.320000
408652526,-778346475,3399,0:16:08.420000
408652493,-778346622,3399,0:16:08.520000
408652463,-778346769,3398,0:16:08.630000
408652431,-778346917,3398,0:16:08.730000
408652400,-778347064,3398,0:16:08.820000
408652368,-778347212,3398,0:16:08.920000
408652335,-778347358,3398,0:16:09.020000
408652305,-778347506,3398,0:16:09.120000
408652274,-778347654,3398,0:16:09.230000
408652241,-778347802,3398,0:16:09.330000
408652209,-778347950,3398,0:16:09.420000
408652175,-778348098,3398,0:16:09.520000
408652143,-778348245,3398,0:16:09.620000
408652111,-778348396,3398,0:16:09.720000
408652079,-778348544,3398,0:16:09.730000
408652047,-778348691,3398,0:16:09.830000
408652015,-778348838,3398,0:16:09.940000
408651984,-778348987,3397,0:16:10.030000
408651953,-778349136,3397,0:16:10.130000
408651920,-778349284,3397,0:16:10.230000
408651890,-778349430,3397,0:16:10.330000
408651859,-778349579,3397,0:16:10.430000
408651827,-778349725,3397,0:16:10.530000
408651796,-778349874,3397,0:16:10.640000
408651764,-778350020,3397,0:16:10.730000
408651733,-778350166,3397,0:16:10.830000
408651703,-778350315,3396,0:16:10.930000
408651674,-778350461,3396,0:16:11.030000
408651642,-778350608,3396,0:16:11.130000
408651614,-778350754,3396,0:16:11.240000
408651584,-778350900,3396,0:16:11.330000
408651553,-778351045,3396,0:16:11.430000
408651524,-778351191,3396,0:16:11.530000
408651492,-778351335,3396,0:16:11.630000
408651462,-778351477,3396,0:16:11.740000
408651433,-778351624,3396,0:16:11.830000
408651402,-778351768,3396,0:16:11.940000
408651371,-778351914,3396,0:16:12.030000
408651341,-778352057,3395,0:16:12.130000
408651313,-778352201,3396,0:16:12.230000
408651283,-778352348,3395,0:16:12.330000
408651253,-778352494,3395,0:16:12.440000
408651219,-778352636,3396,0:16:12.530000
408651189,-778352779,3395,0:16:12.630000
408651159,-778352924,3395,0:16:12.730000
408651130,-778353067,3395,0:16:12.830000
408651097,-778353211,3394,0:16:12.930000
408651068,-778353358,3394,0:16:13.030000
408651035,-778353501,3394,0:16:13.130000
408651005,-778353644,3394,0:16:13.230000
408650974,-778353788,3394,0:16:13.340000
408650943,-778353929,3394,0:16:13.430000
408650909,-778354072,3394,0:16:13.530000
408650877,-778354216,3393,0:16:13.630000
408650848,-778354359,3393,0:16:13.730000
408650816,-778354503,3393,0:16:13.830000
408650782,-778354645,3393,0:16:13.930000
408650753,-778354790,3393,0:16:14.030000
408650719,-778354933,3393,0:16:14.130000
408650687,-778355076,3393,0:16:14.230000
408650657,-778355220,3393,0:16:14.330000
408650624,-778355362,3393,0:16:14.420000
408650592,-778355505,3393,0:16:14.530000
408650559,-778355648,3392,0:16:14.630000
408650526,-778355790,3392,0:16:14.730000
408650494,-778355935,3392,0:16:14.830000
408650463,-778356079,3391,0:16:14.930000
408650431,-778356223,3392,0:16:15.030000
408650400,-778356366,3392,0:16:15.130000
408650369,-778356510,3391,0:16:15.230000
408650333,-778356653,3391,0:16:15.330000
408650302,-778356798,3391,0:16:15.430000
408650270,-778356940,3390,0:16:15.530000
408650237,-778357082,3391,0:16:15.630000
408650204,-778357225,3391,0:16:15.730000
408650172,-778357367,3390,0:16:15.830000
408650136,-778357511,3390,0:16:15.930000
408650104,-778357654,3390,0:16:16.030000
408650072,-778357795,3390,0:16:16.130000
408650039,-778357938,3390,0:16:16.220000
408650004,-778358079,3390,0:16:16.340000
408649971,-778358221,3389,0:16:16.440000
408649938,-778358361,3389,0:16:16.530000
408649906,-778358503,3389,0:16:16.630000
408649870,-778358644,3389,0:16:16.740000
408649838,-778358782,3389,0:16:16.830000
408649804,-778358923,3389,0:16:16.930000
408649740,-778359203,3388,0:16:17.230000
408649706,-778359343,3388,0:16:17.250000
408649673,-778359482,3387,0:16:17.330000
408649641,-778359621,3388,0:16:17.430000
408649610,-778359759,3387,0:16:17.540000
408649577,-778359895,3387,0:16:17.630000
408649546,-778360035,3386,0:16:17.730000
408649486,-778360309,3386,0:16:17.950000
408649455,-778360447,3385,0:16:18.050000
408649424,-778360582,3386,0:16:18.130000
408649392,-778360719,3385,0:16:18.230000
408649359,-778360853,3386,0:16:18.340000
408649328,-778360990,3385,0:16:18.440000
408649296,-778361123,3385,0:16:18.530000
408649266,-778361258,3385,0:16:18.630000
408649202,-778361525,3384,0:16:18.970000
408649109,-778361923,3384,0:16:19.160000
408649078,-778362054,3384,0:16:19.230000
408649045,-778362188,3384,0:16:19.330000
408649013,-778362317,3384,0:16:19.440000
408648981,-778362447,3383,0:16:19.530000
408648950,-778362576,3383,0:16:19.630000
408648915,-778362705,3384,0:16:19.740000
408648882,-778362831,3383,0:16:19.830000
408648850,-778362959,3383,0:16:19.940000
408648816,-778363088,3383,0:16:20.030000
408648783,-778363213,3383,0:16:20.130000
408648749,-778363337,3383,0:16:20.230000
408648716,-778363463,3382,0:16:20.320000
408648529,-778364081,3382,0:16:20.940000
408648488,-778364204,3382,0:16:20.950000
408648450,-778364332,3382,0:16:21.030000
408648366,-778364571,3382,0:16:21.250000
408648323,-778364692,3382,0:16:21.340000
408648232,-778364931,3381,0:16:21.640000
408648185,-778365050,3381,0:16:21.650000
408648039,-778365401,3381,0:16:21.960000
408647937,-778365635,3381,0:16:22.160000
408647883,-778365751,3381,0:16:22.230000
408647829,-778365864,3381,0:16:22.340000
408647773,-778365976,3381,0:16:22.430000
408647717,-778366089,3381,0:16:22.540000
408647661,-778366203,3381,0:16:22.640000
408647601,-778366313,3381,0:16:22.740000
408647542,-778366423,3381,0:16:22.840000
408647483,-778366533,3380,0:16:22.900000
408647428,-778366645,3380,0:16:23.010000
408647364,-778366752,3380,0:16:23.110000
408647302,-778366858,3380,0:16:23.210000
408647241,-778366963,3380,0:16:23.310000
408647177,-778367069,3380,0:16:23.420000
408647051,-778367279,3379,0:16:23.680000
408646987,-778367385,3379,0:16:23.720000
408646924,-778367489,3379,0:16:23.810000
408646857,-778367591,3379,0:16:23.910000
408646798,-778367698,3379,0:16:24.010000
408646730,-778367801,3378,0:16:24.110000
408646665,-778367902,3379,0:16:24.210000
408646597,-778368002,3379,0:16:24.310000
408646532,-778368104,3378,0:16:24.410000
408646463,-778368206,3378,0:16:24.510000
408646397,-778368307,3378,0:16:24.610000
408646125,-778368705,3378,0:16:25.040000
408646054,-778368800,3378,0:16:25.110000
408645983,-778368898,3377,0:16:25.220000
408645479,-778369561,3377,0:16:25.930000
408644950,-778370201,3375,0:16:26.650000
408644709,-778370464,3375,0:16:26.940000
408644222,-778370971,3374,0:16:27.580000
408644140,-778371054,3374,0:16:27.610000
408643973,-778371216,3373,0:16:27.880000
408643808,-778371384,3373,0:16:28.020000
408643720,-778371463,3373,0:16:28.100000
408642114,-778372699,3372,0:16:29.950000
408640311,-778373660,3368,0:16:31.880000
408639925,-778373815,3367,0:16:32.280000
408639829,-778373849,3367,0:16:32.340000
408639637,-778373908,3367,0:16:32.530000
408639537,-778373945,3367,0:16:32.620000
408639349,-778374005,3367,0:16:32.830000
408639155,-778374061,3366,0:16:33.030000
408639059,-778374083,3366,0:16:33.120000
408638963,-778374104,3366,0:16:33.210000
408638772,-778374148,3366,0:16:33.530000
408638676,-778374165,3366,0:16:33.540000
408638487,-778374199,3365,0:16:33.730000
408638390,-778374215,3365,0:16:33.810000
408638295,-778374228,3365,0:16:33.910000
408637815,-778374272,3363,0:16:34.550000
408637718,-778374276,3364,0:16:34.560000
408637624,-778374278,3363,0:16:34.610000
408637434,-778374279,3363,0:16:34.840000
408637339,-778374278,3363,0:16:34.910000
408637243,-778374285,3363,0:16:35.010000
408637149,-778374280,3362,0:16:35.110000
408637055,-778374273,3362,0:16:35.210000
408636961,-778374267,3361,0:16:35.320000
408636961,-778374267,3361,0:16:35.410000
408636772,-778374263,3361,0:16:35.510000
408636584,-778374247,3361,0:16:35.740000
408636584,-778374247,3361,0:16:35.810000
408636393,-778374232,3360,0:16:36.030000
408636296,-778374232,3360,0:16:36.110000
408636202,-778374217,3360,0:16:36.210000
408636108,-778374203,3360,0:16:36.310000
408636013,-778374193,3359,0:16:36.410000
408635723,-778374161,3359,0:16:36.810000
408635532,-778374135,3358,0:16:36.980000
408634855,-778374044,3357,0:16:37.610000
408632283,-778373521,3352,0:16:40.280000
408631028,-778373117,3351,0:16:41.720000
408630684,-778372979,3351,0:16:42.070000
408630601,-778372941,3351,0:16:42.140000
408630519,-778372903,3351,0:16:42.240000
408630436,-778372865,3351,0:16:42.340000
408630353,-778372826,3351,0:16:42.440000
408630275,-778372789,3351,0:16:42.550000
408630196,-778372750,3350,0:16:42.650000
408630117,-778372711,3350,0:16:42.740000
408630040,-778372672,3350,0:16:42.860000
408629962,-778372632,3350,0:16:42.950000
408629882,-778372591,3351,0:16:43.050000
408629810,-778372550,3351,0:16:43.150000
408629736,-778372510,3350,0:16:43.240000
408629261,-778372230,3350,0:16:43.960000
408629195,-778372192,3350,0:16:44.050000
408629077,-778372111,3350,0:16:44.370000
408629016,-778372072,3350,0:16:44.380000
408628901,-778371996,3350,0:16:44.560000
408628845,-778371957,3350,0:16:44.660000
408628791,-778371920,3350,0:16:44.740000
408628736,-778371882,3350,0:16:44.840000
408628624,-778371806,3349,0:16:45.060000
408626696,-778365097,3351,0:17:02.030000
408626549,-778364940,3351,0:17:02.650000
408626496,-778364885,3351,0:17:02.840000
408626468,-778364863,3351,0:17:02.930000
408626412,-778364820,3351,0:17:03.140000
408626385,-778364793,3352,0:17:03.230000
408626331,-778364749,3352,0:17:03.520000
408626275,-778364708,3352,0:17:03.650000
408626248,-778364687,3351,0:17:03.730000
408626221,-778364666,3351,0:17:03.830000
408626192,-778364647,3351,0:17:03.920000
408626096,-778364598,3351,0:17:04.339000
408626071,-778364578,3351,0:17:04.349000
408626044,-778364550,3352,0:17:04.430000
408626013,-778364532,3352,0:17:04.540000
408625983,-778364517,3352,0:17:04.630000
408625889,-778364504,3351,0:17:05.119000
408625856,-778364488,3352,0:17:05.140000
408625827,-778364473,3351,0:17:05.160000
408625796,-778364459,3352,0:17:05.310000
408625768,-778364454,3351,0:17:05.329000
408625737,-778364450,3351,0:17:05.420000
408625707,-778364439,3351,0:17:05.530000
408625676,-778364425,3351,0:17:05.630000
408625649,-778364413,3351,0:17:05.730000
408625613,-778364412,3351,0:17:05.829000
408625550,-778364411,3352,0:17:06.040000
408625520,-778364407,3352,0:17:06.119000
408625490,-778364403,3352,0:17:06.230000
408625461,-778364396,3352,0:17:06.329000
408625398,-778364393,3352,0:17:06.589000
408625336,-778364396,3352,0:17:06.740000
408625305,-778364388,3352,0:17:06.819000
408625273,-778364385,3352,0:17:06.930000
408625241,-778364377,3352,0:17:07.020000
408625211,-778364383,3352,0:17:07.119000
408625147,-778364391,3352,0:17:07.319000
408625115,-778364395,3352,0:17:07.390000
408625082,-778364392,3352,0:17:07.500000
408625049,-778364390,3353,0:17:07.670000
408625017,-778364392,3353,0:17:07.700000
408624985,-778364395,3353,0:17:07.849000
408624949,-778364397,3353,0:17:07.900000
408624917,-778364398,3352,0:17:08.220000
408624881,-778364401,3353,0:17:08.230000
408624846,-778364405,3352,0:17:08.240000
408624812,-778364401,3353,0:17:08.410000
408624777,-778364401,3353,0:17:08.420000
408624706,-778364410,3353,0:17:08.609000
408624633,-778364408,3352,0:17:08.810000
408624596,-778364406,3353,0:17:08.900000
408624336,-778364400,3352,0:17:09.630000
408624263,-778364406,3352,0:17:09.819000
408624010,-778364391,3350,0:17:10.589000
408623973,-778364385,3350,0:17:10.750000
408623938,-778364375,3350,0:17:10.760000
408623864,-778364373,3350,0:17:10.940000
408623754,-778364348,3350,0:17:11.310000
408623716,-778364341,3350,0:17:11.319000
408623570,-778364310,3349,0:17:11.810000
408623458,-778364271,3350,0:17:12.010000
408623421,-778364254,3350,0:17:12.099000
408623384,-778364240,3350,0:17:12.190000
408623348,-778364224,3350,0:17:12.300000
408623312,-778364207,3350,0:17:12.400000
408623276,-778364189,3350,0:17:12.500000
408623242,-778364170,3350,0:17:12.599000
408623209,-778364148,3351,0:17:12.700000
408623140,-778364100,3350,0:17:12.940000
408623104,-778364082,3351,0:17:13
408623072,-778364052,3351,0:17:13.089000
408623037,-778364026,3351,0:17:13.200000
408623003,-778363998,3351,0:17:13.290000
408622970,-778363971,3351,0:17:13.400000
408622936,-778363938,3351,0:17:13.490000
408622903,-778363907,3351,0:17:13.599000
408622872,-778363871,3351,0:17:13.700000
408622839,-778363832,3351,0:17:13.800000
408622806,-778363795,3352,0:17:13.900000
408622775,-778363765,3352,0:17:14
408622743,-778363719,3352,0:17:14.099000
408622714,-778363678,3352,0:17:14.200000
408622684,-778363634,3352,0:17:14.300000
408622656,-778363590,3352,0:17:14.400000
408622624,-778363543,3353,0:17:14.500000
408622593,-778363495,3353,0:17:14.599000
408622539,-778363396,3353,0:17:14.880000
408622539,-778363396,3353,0:17:14.900000
408622511,-778363345,3353,0:17:15.020000
408622458,-778363235,3354,0:17:15.210000
408622431,-778363176,3354,0:17:15.300000
408622407,-778363117,3354,0:17:15.400000
408622381,-778363057,3354,0:17:15.500000
408622356,-778362998,3354,0:17:15.599000
408622334,-778362933,3354,0:17:15.700000
408622308,-778362871,3354,0:17:15.790000
408622285,-778362803,3354,0:17:15.900000
408622263,-778362734,3354,0:17:15.990000
408622239,-778362676,3355,0:17:16.099000
408622219,-778362601,3354,0:17:16.200000
408622198,-778362529,3354,0:17:16.300000
408622176,-778362459,3354,0:17:16.400000
408622154,-778362386,3354,0:17:16.430000
408622134,-778362312,3354,0:17:16.530000
408622111,-778362238,3354,0:17:16.630000
408622091,-778362164,3354,0:17:16.730000
408622073,-778362087,3354,0:17:16.829000
408622052,-778362010,3354,0:17:16.930000
408622031,-778361939,3354,0:17:17.030000
408622012,-778361855,3354,0:17:17.130000
408621994,-778361778,3354,0:17:17.230000
408621973,-778361700,3354,0:17:17.329000
408621954,-778361622,3354,0:17:17.430000
408621935,-778361542,3354,0:17:17.530000
408621916,-778361462,3354,0:17:17.630000
408621896,-778361381,3354,0:17:17.730000
408621877,-778361299,3354,0:17:17.839000
408621859,-778361215,3354,0:17:17.930000
408621839,-778361136,3354,0:17:18.030000
408621820,-778361050,3354,0:17:18.130000
408621801,-778360965,3354,0:17:18.230000
408621782,-778360880,3354,0:17:18.329000
408621766,-778360793,3354,0:17:18.430000
408621748,-778360707,3354,0:17:18.530000
408621732,-778360620,3354,0:17:18.630000
408621713,-778360532,3354,0:17:18.730000
408621697,-778360444,3354,0:17:18.829000
408621681,-778360356,3354,0:17:18.930000
408621665,-778360269,3355,0:17:19.030000
408621651,-778360177,3355,0:17:19.130000
408621636,-778360086,3354,0:17:19.230000
408621621,-778359995,3355,0:17:19.329000
408621607,-778359904,3355,0:17:19.430000
408621593,-778359812,3355,0:17:19.530000
408621581,-778359719,3355,0:17:19.630000
408621569,-778359627,3355,0:17:19.730000
408621556,-778359532,3355,0:17:19.829000
408621546,-778359438,3355,0:17:19.950000
408621536,-778359345,3355,0:17:20.030000
408621529,-778359247,3355,0:17:20.130000
408621519,-778359150,3355,0:17:20.230000
408621513,-778359054,3355,0:17:20.329000
408621505,-778358957,3355,0:17:20.430000
408621497,-778358862,3355,0:17:20.530000
408621491,-778358763,3354,0:17:20.630000
408621487,-778358667,3354,0:17:20.730000
408621484,-778358569,3354,0:17:20.829000
408621478,-778358471,3354,0:17:20.930000
408621473,-778358376,3353,0:17:21.030000
408621473,-778358277,3354,0:17:21.130000
408621474,-778358180,3354,0:17:21.230000
408621472,-778358085,3353,0:17:21.329000
408621471,-778357986,3353,0:17:21.430000
408621471,-778357889,3353,0:17:21.510000
408621473,-778357793,3353,0:17:21.609000
408621478,-778357698,3353,0:17:21.710000
408621483,-778357600,3353,0:17:21.810000
408621488,-778357504,3353,0:17:21.910000
408621489,-778357406,3353,0:17:22.010000
408621499,-778357309,3352,0:17:22.109000
408621506,-778357213,3353,0:17:22.210000
408621517,-778357116,3352,0:17:22.310000
408621522,-778357021,3352,0:17:22.410000
408621532,-778356928,3352,0:17:22.510000
408621542,-778356833,3352,0:17:22.609000
408621553,-778356740,3352,0:17:22.710000
408621561,-778356644,3352,0:17:22.819000
408621574,-778356552,3352,0:17:22.920000
408621583,-778356457,3352,0:17:23.020000
408621599,-778356364,3352,0:17:23.109000
408621610,-778356273,3352,0:17:23.210000
408621624,-778356180,3352,0:17:23.310000
408621636,-778356088,3352,0:17:23.410000
408621652,-778355996,3352,0:17:23.520000
408621665,-778355903,3352,0:17:23.609000
408621679,-778355810,3352,0:17:23.710000
408621697,-778355721,3352,0:17:23.810000
408621711,-778355629,3352,0:17:23.910000
408621728,-778355536,3352,0:17:24.010000
408621749,-778355447,3352,0:17:24.109000
408621764,-778355356,3352,0:17:24.210000
408621783,-778355265,3352,0:17:24.310000
408621799,-778355172,3352,0:17:24.410000
408621818,-778355082,3352,0:17:24.510000
408621836,-778354994,3352,0:17:24.609000
408621857,-778354906,3352,0:17:24.670000
408621877,-778354818,3352,0:17:24.770000
408621897,-778354728,3352,0:17:24.869000
408621914,-778354637,3352,0:17:24.970000
408621933,-778354550,3351,0:17:25.079000
408621953,-778354459,3351,0:17:25.170000
408621978,-778354373,3352,0:17:25.270000
408622001,-778354290,3352,0:17:25.369000
408622021,-778354202,3353,0:17:25.470000
408622041,-778354113,3353,0:17:25.569000
408622061,-778354029,3352,0:17:25.670000
408622085,-778353945,3352,0:17:25.770000
408622110,-778353862,3352,0:17:25.869000
408622134,-778353779,3353,0:17:25.980000
408622156,-778353698,3353,0:17:26.069000
408622181,-778353616,3353,0:17:26.170000
408622207,-778353533,3353,0:17:26.270000
408622233,-778353454,3353,0:17:26.369000
408622261,-778353374,3353,0:17:26.470000
408622285,-778353294,3353,0:17:26.569000
408622313,-778353215,3353,0:17:26.670000
408622342,-778353138,3353,0:17:26.770000
408622372,-778353062,3353,0:17:26.869000
408622402,-778352985,3353,0:17:26.970000
408622434,-778352914,3354,0:17:27.069000
408622466,-778352840,3353,0:17:27.170000
408622497,-778352766,3354,0:17:27.290000
408622527,-778352693,3354,0:17:27.369000
408622561,-778352624,3354,0:17:27.470000
408622596,-778352557,3354,0:17:27.569000
408622632,-778352488,3354,0:17:27.670000
408622666,-778352420,3354,0:17:27.770000
408622698,-778352350,3355,0:17:27.869000
408622731,-778352275,3355,0:17:27.970000
408622771,-778352215,3355,0:17:28.079000
408622811,-778352154,3355,0:17:28.170000
408622851,-778352095,3355,0:17:28.270000
408622892,-778352038,3355,0:17:28.369000
408622934,-778351981,3355,0:17:28.470000
408622978,-778351927,3355,0:17:28.569000
408623024,-778351878,3355,0:17:28.670000
408623070,-778351828,3356,0:17:28.770000
408623118,-778351785,3356,0:17:28.870000
408623118,-778351785,3356,0:17:28.980000
408623218,-778351704,3355,0:17:29.070000
408623218,-778351704,3355,0:17:29.170000
408623270,-778351671,3355,0:17:29.270000
408623326,-778351642,3355,0:17:29.370000
408623430,-778351585,3355,0:17:29.480000
408623483,-778351560,3355,0:17:29.570000
408623538,-778351546,3356,0:17:29.670000
408623593,-778351534,3356,0:17:29.780000
408623645,-778351521,3356,0:17:29.870000
408623696,-778351494,3356,0:17:29.970000
408623696,-778351494,3356,0:17:30.070000
408623809,-778351491,3356,0:17:30.170000
408623863,-778351489,3356,0:17:30.280000
408623919,-778351494,3356,0:17:30.370000
408623975,-778351500,3356,0:17:30.470000
408623975,-778351500,3356,0:17:30.570000
408624027,-778351500,3357,0:17:30.670000
408624082,-778351501,3357,0:17:30.770000
408624136,-778351505,3356,0:17:30.870000
408624189,-778351515,3357,0:17:30.980000
408624242,-778351509,3357,0:17:31.070000
408624295,-778351525,3357,0:17:31.170000
408624350,-778351535,3357,0:17:31.270000
408624404,-778351548,3357,0:17:31.370000
408624457,-778351560,3357,0:17:31.470000
408624512,-778351571,3357,0:17:31.580000
408624565,-778351586,3357,0:17:31.670000
408624619,-778351601,3357,0:17:31.770000
408624671,-778351615,3357,0:17:31.880000
408624725,-778351629,3357,0:17:31.970000
408624779,-778351634,3357,0:17:32.070000
408624833,-778351654,3358,0:17:32.180000
408624937,-778351687,3358,0:17:32.270000
408624937,-778351687,3358,0:17:32.370000
408625045,-778351725,3357,0:17:32.480000
408625100,-778351738,3357,0:17:32.570000
408625154,-778351752,3357,0:17:32.690000
408625206,-778351770,3357,0:17:32.770000
408625262,-778351787,3357,0:17:32.870000
408625317,-778351800,3358,0:17:32.970000
408625370,-778351819,3358,0:17:33.080000
408625423,-778351833,3358,0:17:33.170000
408625479,-778351846,3358,0:17:33.270000
408625535,-778351857,3357,0:17:33.370000
408625586,-778351870,3358,0:17:33.470000
408625642,-778351885,3358,0:17:33.570000
408625699,-778351900,3358,0:17:33.670000
408625754,-778351911,3357,0:17:33.770000
408625808,-778351923,3358,0:17:33.870000
408625808,-778351923,3358,0:17:33.990000
408625864,-778351933,3358,0:17:34.070000
408625975,-778351943,3358,0:17:34.170000
408626029,-778351951,3359,0:17:34.270000
408626029,-778351951,3359,0:17:34.370000
408626142,-778351964,3359,0:17:34.470000
408626142,-778351964,3359,0:17:34.570000
408626255,-778351972,3359,0:17:34.670000
408626311,-778351973,3359,0:17:34.770000
408626369,-778351973,3359,0:17:34.870000
408626426,-778351979,3359,0:17:34.990000
408626481,-778351978,3360,0:17:35.070000
408626539,-778351979,3360,0:17:35.170000
408626595,-778351978,3360,0:17:35.270000
408626655,-778351975,3360,0:17:35.370000
408626710,-778351972,3360,0:17:35.480000
408626770,-778351965,3360,0:17:35.580000
408626826,-778351961,3361,0:17:35.680000
408626883,-778351955,3361,0:17:35.780000
408626941,-778351952,3360,0:17:35.890000
408626999,-778351947,3361,0:17:35.980000
408627057,-778351936,3361,0:17:36.080000
408627112,-778351925,3361,0:17:36.180000
408627168,-778351916,3361,0:17:36.280000
408627225,-778351903,3361,0:17:36.380000
408627281,-778351890,3361,0:17:36.490000
408627336,-778351876,3361,0:17:36.610000
408627392,-778351864,3361,0:17:36.680000
408627446,-778351850,3361,0:17:36.780000
408627500,-778351834,3361,0:17:36.880000
408627556,-778351820,3361,0:17:36.980000
408627608,-778351800,3361,0:17:37.080000
408627660,-778351780,3361,0:17:37.180000
408627713,-778351760,3361,0:17:37.280000
408627763,-778351740,3361,0:17:37.380000
408627816,-778351722,3361,0:17:37.480000
408627868,-778351701,3361,0:17:37.580000
408627919,-778351678,3361,0:17:37.680000
408627968,-778351655,3361,0:17:37.760000
408628019,-778351633,3362,0:17:37.860000
408628075,-778351614,3361,0:17:37.970000
408628124,-778351587,3361,0:17:38.070000
408628176,-778351561,3361,0:17:38.170000
408628226,-778351535,3361,0:17:38.270000
408628375,-778351452,3361,0:17:38.760000
408628425,-778351421,3361,0:17:38.780000
408628572,-778351327,3361,0:17:39.090000
408628667,-778351263,3361,0:17:39.200000
408628763,-778351196,3361,0:17:39.390000
408628810,-778351162,3361,0:17:39.460000
408628854,-778351124,3362,0:17:39.590000
408628900,-778351087,3361,0:17:39.670000
408628946,-778351051,3361,0:17:39.760000
408629041,-778350977,3362,0:17:40.070000
408629041,-778350977,3362,0:17:40.090000
408629084,-778350936,3362,0:17:40.170000
408629171,-778350856,3362,0:17:40.420000
408629340,-778350685,3362,0:17:40.900000
408629380,-778350640,3362,0:17:40.960000
408629466,-778350555,3362,0:17:41.090000
408629542,-778350458,3362,0:17:41.170000
408629580,-778350410,3362,0:17:41.280000
408629615,-778350361,3362,0:17:41.380000
408629653,-778350310,3362,0:17:41.460000
408629690,-778350263,3362,0:17:41.570000
408629725,-778350212,3362,0:17:41.670000
408629759,-778350161,3362,0:17:41.770000
408629793,-778350110,3362,0:17:41.860000
408629865,-778350006,3362,0:17:42.100000
408629898,-778349952,3362,0:17:42.160000
408629898,-778349952,3362,0:17:42.260000
408629930,-778349896,3363,0:17:42.360000
408629965,-778349844,3362,0:17:42.480000
408630027,-778349731,3363,0:17:42.580000
408630057,-778349673,3363,0:17:42.660000
408630089,-778349617,3363,0:17:42.760000
408630120,-778349560,3363,0:17:42.870000
408630156,-778349503,3362,0:17:42.960000
408630212,-778349383,3362,0:17:43.190000
408630242,-778349325,3362,0:17:43.260000
408630272,-778349265,3362,0:17:43.360000
408630332,-778349146,3362,0:17:43.580000
408630362,-778349085,3363,0:17:43.670000
408630452,-778348904,3362,0:17:44.080000
408630565,-778348655,3363,0:17:44.410000
408630702,-778348339,3363,0:17:44.990000
408630839,-778348007,3363,0:17:45.470000
408631094,-778347224,3363,0:17:46.630000
408631134,-778347075,3363,0:17:46.760000
408631175,-778346924,3363,0:17:46.860000
408631207,-778346769,3363,0:17:47.180000
408631309,-778346219,3363,0:17:47.970000
408631323,-778346139,3363,0:17:47.980000
408631350,-778345903,3364,0:17:48.280000
408631378,-778345587,3364,0:17:48.780000
408631386,-778345353,3364,0:17:48.980000
408631390,-778345275,3364,0:17:49.060000
408631390,-778345198,3364,0:17:49.160000
408631391,-778345120,3364,0:17:49.270000
408631390,-778345041,3364,0:17:49.360000
408631380,-778344728,3364,0:17:49.800000
408631375,-778344650,3364,0:17:49.840000
408631368,-778344496,3364,0:17:50.040000
408631348,-778344340,3364,0:17:50.230000
408631339,-778344263,3365,0:17:50.330000
408631332,-778344187,3364,0:17:50.420000
408631322,-778344108,3364,0:17:50.530000
408631311,-778344031,3364,0:17:50.620000
408631300,-778343954,3365,0:17:50.730000
408631288,-778343877,3365,0:17:50.810000
408631274,-778343799,3365,0:17:50.930000
408631267,-778343724,3365,0:17:51.030000
408631254,-778343647,3365,0:17:51.130000
408631240,-778343570,3365,0:17:51.230000
408631226,-778343492,3365,0:17:51.310000
408631210,-778343416,3365,0:17:51.430000
408631194,-778343339,3365,0:17:51.510000
408631180,-778343264,3365,0:17:51.610000
408631166,-778343188,3365,0:17:51.710000
408631150,-778343109,3365,0:17:51.830000
408631134,-778343035,3365,0:17:51.920000
408631120,-778342960,3365,0:17:52.030000
408631100,-778342887,3365,0:17:52.110000
408631083,-778342809,3365,0:17:52.210000
408631066,-778342732,3365,0:17:52.310000
408631050,-778342656,3365,0:17:52.410000
408631033,-778342580,3365,0:17:52.530000
408631013,-778342502,3365,0:17:52.610000
408630995,-778342426,3365,0:17:52.710000
408630975,-778342350,3365,0:17:52.810000
408630960,-778342274,3365,0:17:52.910000
408630943,-778342195,3365,0:17:53.010000
408630926,-778342121,3364,0:17:53.120000
408630907,-778342044,3365,0:17:53.210000
408630891,-778341968,3365,0:17:53.310000
408630871,-778341889,3365,0:17:53.420000
408630855,-778341812,3365,0:17:53.510000
408630837,-778341736,3365,0:17:53.620000
408630821,-778341658,3365,0:17:53.710000
408630805,-778341581,3365,0:17:53.810000
408630788,-778341506,3365,0:17:53.920000
408630773,-778341428,3365,0:17:54.010000
408630757,-778341354,3365,0:17:54.110000
408630738,-778341276,3365,0:17:54.210000
408630726,-778341200,3365,0:17:54.310000
408630710,-778341123,3365,0:17:54.410000
408630693,-778341048,3365,0:17:54.520000
408630683,-778340970,3365,0:17:54.610000
408630667,-778340894,3365,0:17:54.710000
408630656,-778340818,3365,0:17:54.810000
408630637,-778340740,3365,0:17:54.920000
408630624,-778340666,3365,0:17:55.010000
408630612,-778340589,3365,0:17:55.120000
408630601,-778340513,3365,0:17:55.210000
408630591,-778340435,3364,0:17:55.310000
408630580,-778340359,3365,0:17:55.420000
408630567,-778340284,3365,0:17:55.510000
408630558,-778340206,3364,0:17:55.610000
408630550,-778340130,3364,0:17:55.710000
408630544,-778340053,3364,0:17:55.810000
408630536,-778339977,3364,0:17:55.910000
408630528,-778339901,3365,0:17:56.020000
408630523,-778339825,3365,0:17:56.110000
408630516,-778339748,3364,0:17:56.210000
408630513,-778339671,3364,0:17:56.260000
408630513,-778339671,3364,0:17:56.360000
408630505,-778339519,3364,0:17:56.460000
408630505,-778339519,3364,0:17:56.560000
408630503,-778339365,3364,0:17:56.670000
408630503,-778339365,3364,0:17:56.760000
408630504,-778339215,3364,0:17:56.860000
408630505,-778339139,3365,0:17:56.960000
408630509,-778339061,3365,0:17:57.060000
408630511,-778338988,3365,0:17:57.160000
408630512,-778338914,3365,0:17:57.260000
408630512,-778338914,3365,0:17:57.360000
408630517,-778338841,3365,0:17:57.460000
408630524,-778338768,3365,0:17:57.570000
408630533,-778338689,3365,0:17:57.660000
408630539,-778338619,3365,0:17:57.760000
408630547,-778338548,3365,0:17:57.860000
408630552,-778338474,3365,0:17:57.960000
408630558,-778338399,3365,0:17:58.070000
408630572,-778338327,3365,0:17:58.160000
408630585,-778338257,3365,0:17:58.260000
408630597,-778338188,3365,0:17:58.360000
408630612,-778338115,3365,0:17:58.460000
408630625,-778338044,3366,0:17:58.560000
408630637,-778337971,3366,0:17:58.670000
408630653,-778337903,3366,0:17:58.760000
408630669,-778337832,3366,0:17:58.860000
408630686,-778337760,3366,0:17:58.960000
408630699,-778337687,3366,0:17:59.070000
408630722,-778337619,3365,0:17:59.160000
408630738,-778337549,3365,0:17:59.270000
408630758,-778337478,3366,0:17:59.360000
408630778,-778337408,3366,0:17:59.480000
408630798,-778337337,3366,0:17:59.560000
408630822,-778337267,3366,0:17:59.640000
408630841,-778337199,3367,0:17:59.740000
408630869,-778337129,3366,0:17:59.840000
408630889,-778337060,3366,0:17:59.940000
408630909,-778336984,3367,0:18:00.050000
408630936,-778336913,3367,0:18:00.140000
408630964,-778336844,3367,0:18:00.240000
408630988,-778336772,3367,0:18:00.340000
408631017,-778336702,3367,0:18:00.440000
408631043,-778336628,3368,0:18:00.540000
408631075,-778336557,3367,0:18:00.640000
408631101,-778336483,3368,0:18:00.740000
408631129,-778336411,3367,0:18:00.840000
408631159,-778336339,3367,0:18:00.940000
408631187,-778336265,3367,0:18:01.040000
408631219,-778336191,3367,0:18:01.140000
408631253,-778336120,3367,0:18:01.240000
408631286,-778336047,3368,0:18:01.340000
408631317,-778335973,3367,0:18:01.440000
408631350,-778335898,3367,0:18:01.540000
408631384,-778335825,3367,0:18:01.640000
408631419,-778335752,3367,0:18:01.740000
408631455,-778335678,3368,0:18:01.840000
408631491,-778335605,3368,0:18:01.940000
408631524,-778335531,3368,0:18:02.040000
408631562,-778335458,3368,0:18:02.140000
408631598,-778335384,3368,0:18:02.240000
408631636,-778335310,3368,0:18:02.340000
408631673,-778335237,3368,0:18:02.440000
408631712,-778335162,3368,0:18:02.540000
408631751,-778335088,3368,0:18:02.640000
408631791,-778335015,3368,0:18:02.740000
408631830,-778334943,3368,0:18:02.840000
408631869,-778334866,3368,0:18:02.940000
408631909,-778334791,3368,0:18:03.040000
408631950,-778334716,3368,0:18:03.140000
408631992,-778334641,3368,0:18:03.240000
408632035,-778334568,3368,0:18:03.340000
408632075,-778334492,3369,0:18:03.440000
408632117,-778334418,3368,0:18:03.540000
408632160,-778334342,3369,0:18:03.640000
408632202,-778334267,3369,0:18:03.740000
408632246,-778334193,3369,0:18:03.840000
408632289,-778334116,3369,0:18:03.940000
408632331,-778334039,3369,0:18:04.040000
408632377,-778333963,3369,0:18:04.140000
408632421,-778333886,3369,0:18:04.240000
408632466,-778333808,3369,0:18:04.340000
408632508,-778333732,3368,0:18:04.440000
408632552,-778333654,3369,0:18:04.540000
408632596,-778333576,3369,0:18:04.640000
408632642,-778333498,3369,0:18:04.740000
408632690,-778333424,3369,0:18:04.840000
408632733,-778333343,3369,0:18:04.940000
408632779,-778333261,3369,0:18:05.050000
408632824,-778333183,3369,0:18:05.140000
408632872,-778333103,3369,0:18:05.240000
408632919,-778333028,3369,0:18:05.340000
408632963,-778332949,3369,0:18:05.440000
408633010,-778332868,3369,0:18:05.540000
408633056,-778332788,3369,0:18:05.640000
408633102,-778332708,3369,0:18:05.740000
408633148,-778332630,3368,0:18:05.840000
408633196,-778332550,3369,0:18:05.940000
408633242,-778332467,3369,0:18:06.040000
408633290,-778332387,3369,0:18:06.140000
408633337,-778332304,3369,0:18:06.240000
408633385,-778332224,3369,0:18:06.340000
408633433,-778332143,3369,0:18:06.440000
408633482,-778332061,3369,0:18:06.540000
408633529,-778331978,3369,0:18:06.640000
408633577,-778331897,3369,0:18:06.740000
408633627,-778331815,3369,0:18:06.840000
408633674,-778331733,3369,0:18:06.940000
408633725,-778331649,3369,0:18:07.050000
408633775,-778331567,3369,0:18:07.140000
408633824,-778331484,3369,0:18:07.240000
408633874,-778331403,3369,0:18:07.340000
408633921,-778331315,3369,0:18:07.440000
408633969,-778331229,3369,0:18:07.540000
408634019,-778331145,3369,0:18:07.640000
408634069,-778331063,3369,0:18:07.740000
408634119,-778330978,3369,0:18:07.840000
408634168,-778330893,3369,0:18:07.940000
408634218,-778330804,3368,0:18:08.040000
408634267,-778330718,3368,0:18:08.140000
408634319,-778330634,3369,0:18:08.240000
408634370,-778330548,3369,0:18:08.340000
408634419,-778330462,3369,0:18:08.440000
408634471,-778330378,3369,0:18:08.540000
408634519,-778330291,3369,0:18:08.640000
408634570,-778330204,3369,0:18:08.740000
408634621,-778330119,3369,0:18:08.840000
408634671,-778330031,3369,0:18:08.990000
408634721,-778329942,3369,0:18:09.160000
408634773,-778329856,3368,0:18:09.170000
408634825,-778329771,3369,0:18:09.200000
408634873,-778329682,3368,0:18:09.300000
408634927,-778329598,3368,0:18:09.400000
408634976,-778329511,3369,0:18:09.510000
408635027,-778329425,3369,0:18:09.610000
408635077,-778329338,3369,0:18:09.720000
408635128,-778329251,3368,0:18:09.810000
408635179,-778329164,3368,0:18:09.910000
408635231,-778329075,3368,0:18:10.010000
408635282,-778328988,3368,0:18:10.110000
408635333,-778328901,3368,0:18:10.210000
408635382,-778328814,3368,0:18:10.320000
408635432,-778328726,3368,0:18:10.410000
408635482,-778328637,3368,0:18:10.510000
408635533,-778328550,3368,0:18:10.610000
408635584,-778328461,3368,0:18:10.710000
408635633,-778328371,3368,0:18:10.810000
408635685,-778328282,3368,0:18:10.910000
408635734,-778328192,3368,0:18:11.010000
408635785,-778328102,3367,0:18:11.110000
408635835,-778328014,3368,0:18:11.210000
408635884,-778327925,3367,0:18:11.310000
408635931,-778327832,3368,0:18:11.410000
408635981,-778327743,3367,0:18:11.600000
408636030,-778327652,3368,0:18:11.760000
408636083,-778327564,3367,0:18:11.770000
408636129,-778327472,3368,0:18:11.940000
408636178,-778327382,3368,0:18:11.960000
408636231,-778327289,3368,0:18:12.130000
408636281,-778327197,3367,0:18:12.140000
408636330,-778327110,3367,0:18:12.320000
408636382,-778327021,3367,0:18:12.330000
408636431,-778326931,3367,0:18:12.500000
408636481,-778326839,3367,0:18:12.520000
408636529,-778326751,3367,0:18:12.610000
408636579,-778326660,3367,0:18:12.710000
408636630,-778326571,3367,0:18:12.810000
408636680,-778326482,3367,0:18:12.910000
408636732,-778326392,3367,0:18:13.010000
408636782,-778326305,3366,0:18:13.110000
408636829,-778326215,3366,0:18:13.220000
408636878,-778326127,3367,0:18:13.310000
408636928,-778326039,3366,0:18:13.360000
408636979,-778325950,3367,0:18:13.470000
408637028,-778325861,3367,0:18:13.560000
408637077,-778325774,3366,0:18:13.660000
408637127,-778325684,3367,0:18:13.760000
408637179,-778325597,3366,0:18:13.860000
408637228,-778325503,3367,0:18:13.960000
408637228,-778325503,3367,0:18:14.060000
408637327,-778325328,3366,0:18:14.160000
408637327,-778325328,3366,0:18:14.260000
408637427,-778325154,3367,0:18:14.360000
408637477,-778325063,3366,0:18:14.470000
408637527,-778324976,3366,0:18:14.660000
408637579,-778324890,3366,0:18:14.680000
408637630,-778324804,3367,0:18:14.850000
408637680,-778324716,3367,0:18:14.860000
408637731,-778324626,3367,0:18:15.030000
408637783,-778324541,3366,0:18:15.060000
408637783,-778324541,3366,0:18:15.220000
408637833,-778324452,3367,0:18:15.260000
408637885,-778324367,3367,0:18:15.360000
408637938,-778324281,3367,0:18:15.460000
408637989,-778324194,3367,0:18:15.560000
408638041,-778324107,3367,0:18:15.660000
408638093,-778324021,3367,0:18:15.770000
408638146,-778323936,3366,0:18:15.860000
408638198,-778323849,3367,0:18:15.960000
408638251,-778323760,3366,0:18:16.060000
408638303,-778323676,3366,0:18:16.160000
408638355,-778323591,3366,0:18:16.260000
408638408,-778323506,3366,0:18:16.360000
408638460,-778323420,3366,0:18:16.460000
408638514,-778323338,3366,0:18:16.570000
408638567,-778323252,3366,0:18:16.660000
408638620,-778323164,3366,0:18:16.760000
408638671,-778323077,3366,0:18:16.860000
408638727,-778322991,3366,0:18:16.960000
408638782,-778322903,3366,0:18:17.060000
408638836,-778322818,3366,0:18:17.160000
408638891,-778322732,3366,0:18:17.260000
408638944,-778322646,3366,0:18:17.360000
408638996,-778322561,3366,0:18:17.460000
408639052,-778322475,3366,0:18:17.560000
408639104,-778322391,3366,0:18:17.660000
408639157,-778322306,3366,0:18:17.770000
408639212,-778322222,3366,0:18:17.860000
408639266,-778322137,3366,0:18:17.960000
408639319,-778322050,3366,0:18:18.060000
408639373,-778321965,3365,0:18:18.160000
408639427,-778321883,3365,0:18:18.260000
408639481,-778321798,3366,0:18:18.370000
408639532,-778321712,3365,0:18:18.460000
408639586,-778321628,3365,0:18:18.560000
408639637,-778321545,3365,0:18:18.660000
408639690,-778321459,3365,0:18:18.760000
408639742,-778321374,3365,0:18:18.870000
408639792,-778321287,3365,0:18:18.960000
408639845,-778321201,3365,0:18:19.060000
408639897,-778321116,3365,0:18:19.160000
408639950,-778321031,3365,0:18:19.260000
408640001,-778320945,3365,0:18:19.360000
408640051,-778320858,3365,0:18:19.460000
408640103,-778320772,3365,0:18:19.560000
408640156,-778320687,3365,0:18:19.660000
408640207,-778320600,3365,0:18:19.760000
408640259,-778320514,3365,0:18:19.860000
408640311,-778320425,3365,0:18:19.960000
408640365,-778320340,3365,0:18:20.070000
408640414,-778320250,3365,0:18:20.160000
408640468,-778320165,3365,0:18:20.260000
408640520,-778320077,3365,0:18:20.360000
408640573,-778319988,3365,0:18:20.460000
408640625,-778319901,3365,0:18:20.560000
408640677,-778319816,3365,0:18:20.660000
408640729,-778319727,3365,0:18:20.760000
408640783,-778319637,3365,0:18:20.860000
408640834,-778319549,3365,0:18:20.960000
408640887,-778319461,3365,0:18:21.070000
408640942,-778319373,3365,0:18:21.160000
408640993,-778319282,3365,0:18:21.260000
408641047,-778319194,3365,0:18:21.360000
408641099,-778319105,3365,0:18:21.460000
408641153,-778319015,3364,0:18:21.560000
408641205,-778318925,3365,0:18:21.660000
408641259,-778318834,3365,0:18:21.760000
408641313,-778318744,3365,0:18:21.860000
408641366,-778318651,3365,0:18:21.960000
408641421,-778318560,3365,0:18:22.060000
408641477,-778318470,3365,0:18:22.170000
408641530,-778318377,3365,0:18:22.260000
408641583,-778318287,3365,0:18:22.360000
408641638,-778318195,3365,0:18:22.460000
408641694,-778318103,3365,0:18:22.560000
408641747,-778318012,3365,0:18:22.660000
408641801,-778317921,3365,0:18:22.760000
408641854,-778317830,3365,0:18:22.860000
408641908,-778317740,3365,0:18:22.960000
408641963,-778317648,3364,0:18:23.070000
408642017,-778317556,3364,0:18:23.160000
408642073,-778317464,3364,0:18:23.260000
408642128,-778317375,3364,0:18:23.360000
408642182,-778317284,3364,0:18:23.470000
408642236,-778317194,3365,0:18:23.560000
408642291,-778317104,3364,0:18:23.660000
408642343,-778317014,3364,0:18:23.760000
408642399,-778316926,3364,0:18:23.860000
408642451,-778316835,3364,0:18:23.960000
408642506,-778316744,3364,0:18:24.060000
408642559,-778316654,3364,0:18:24.170000
408642612,-778316565,3364,0:18:24.260000
408642666,-778316477,3364,0:18:24.360000
408642719,-778316389,3364,0:18:24.460000
408642772,-778316301,3364,0:18:24.560000
408642823,-778316214,3363,0:18:24.660000
408642875,-778316126,3364,0:18:24.760000
408642929,-778316039,3364,0:18:24.860000
408642978,-778315950,3365,0:18:24.960000
408643033,-778315862,3363,0:18:25.060000
408643082,-778315777,3363,0:18:25.160000
408643133,-778315689,3364,0:18:25.270000
408643186,-778315600,3364,0:18:25.360000
408643235,-778315516,3364,0:18:25.460000
408643287,-778315431,3364,0:18:25.560000
408643336,-778315344,3364,0:18:25.660000
408643387,-778315260,3364,0:18:25.760000
408643438,-778315173,3364,0:18:25.860000
408643487,-778315088,3364,0:18:25.960000
408643537,-778314999,3364,0:18:26.060000
408643586,-778314916,3364,0:18:26.170000
408643637,-778314833,3364,0:18:26.280000
408643688,-778314749,3364,0:18:26.360000
408643736,-778314664,3364,0:18:26.460000
408643785,-778314579,3364,0:18:26.560000
408643834,-778314496,3364,0:18:26.660000
408643884,-778314416,3363,0:18:26.760000
408643931,-778314332,3363,0:18:26.870000
408643978,-778314247,3363,0:18:26.960000
408644027,-778314159,3363,0:18:27.080000
408644077,-778314079,3363,0:18:27.170000
408644122,-778313993,3363,0:18:27.270000
408644171,-778313911,3363,0:18:27.360000
408644216,-778313828,3363,0:18:27.460000
408644261,-778313745,3362,0:18:27.560000
408644308,-778313662,3362,0:18:27.660000
408644353,-778313577,3362,0:18:27.760000
408644395,-778313491,3362,0:18:27.860000
408644437,-778313406,3362,0:18:27.960000
408644485,-778313322,3362,0:18:28.060000
408644531,-778313242,3362,0:18:28.160000
408644572,-778313155,3361,0:18:28.260000
408644608,-778313068,3361,0:18:28.360000
408644644,-778312980,3361,0:18:28.470000
408644690,-778312901,3361,0:18:28.560000
408644736,-778312824,3362,0:18:28.660000
408644779,-778312746,3361,0:18:28.760000
408644814,-778312660,3361,0:18:28.860000
408644846,-778312572,3360,0:18:28.960000
408644883,-778312487,3361,0:18:29.060000
408644920,-778312411,3361,0:18:29.160000
408644963,-778312333,3361,0:18:29.260000
408644998,-778312256,3361,0:18:29.370000
408645028,-778312171,3361,0:18:29.460000
408645056,-778312087,3361,0:18:29.560000
408645086,-778312005,3361,0:18:29.660000
408645117,-778311927,3360,0:18:29.760000
408645147,-778311849,3361,0:18:29.860000
408645176,-778311768,3361,0:18:29.970000
408645209,-778311684,3361,0:18:30.060000
408645231,-778311606,3361,0:18:30.160000
408645253,-778311526,3360,0:18:30.260000
408645279,-778311445,3360,0:18:30.360000
408645301,-778311364,3361,0:18:30.460000
408645326,-778311287,3361,0:18:30.560000
408645350,-778311213,3361,0:18:30.660000
408645372,-778311139,3360,0:18:30.710000
408645392,-778311061,3360,0:18:30.810000
408645411,-778310982,3361,0:18:30.910000
408645437,-778310909,3361,0:18:31.010000
408645456,-778310836,3360,0:18:31.110000
408645475,-778310758,3360,0:18:31.210000
408645492,-778310686,3360,0:18:31.310000
408645507,-778310611,3360,0:18:31.420000
408645527,-778310539,3360,0:18:31.520000
408645544,-778310466,3360,0:18:31.610000
408645561,-778310394,3360,0:18:31.710000
408645580,-778310322,3360,0:18:31.820000
408645596,-778310251,3360,0:18:31.910000
408645615,-778310176,3361,0:18:32.010000
408645631,-778310106,3360,0:18:32.160000
408645647,-778310035,3360,0:18:32.210000
408645662,-778309962,3360,0:18:32.310000
408645680,-778309892,3359,0:18:32.410000
408645696,-778309820,3360,0:18:32.510000
408645712,-778309749,3359,0:18:32.610000
408645727,-778309677,3359,0:18:32.720000
408645744,-778309605,3359,0:18:32.810000
408645761,-778309537,3359,0:18:32.910000
408645780,-778309464,3360,0:18:33.010000
408645795,-778309394,3359,0:18:33.160000
408645811,-778309324,3359,0:18:33.220000
408645828,-778309254,3359,0:18:33.320000
408645843,-778309185,3359,0:18:33.410000
408645862,-778309116,3358,0:18:33.510000
408645877,-778309048,3358,0:18:33.620000
408645890,-778308976,3359,0:18:33.710000
408645912,-778308911,3358,0:18:33.810000
408645927,-778308841,3358,0:18:33.910000
408645945,-778308772,3358,0:18:34.010000
408645962,-778308704,3358,0:18:34.110000
408645979,-778308637,3358,0:18:34.210000
408645996,-778308568,3358,0:18:34.310000
408646016,-778308503,3358,0:18:34.410000
408646034,-778308436,3358,0:18:34.510000
408646052,-778308368,3358,0:18:34.610000
408646071,-778308301,3358,0:18:34.710000
408646091,-778308237,3358,0:18:34.810000
408646113,-778308173,3358,0:18:34.910000
408646132,-778308105,3358,0:18:35.010000
408646153,-778308043,3358,0:18:35.110000
408646171,-778307980,3358,0:18:35.220000
408646190,-778307916,3358,0:18:35.310000
408646213,-778307854,3358,0:18:35.410000
408646235,-778307793,3358,0:18:35.510000
408646257,-778307732,3358,0:18:35.610000
408646278,-778307670,3358,0:18:35.710000
408646304,-778307613,3358,0:18:35.810000
408646328,-778307554,3358,0:18:35.910000
408646351,-778307492,3357,0:18:36.010000
408646373,-778307435,3358,0:18:36.110000
408646396,-778307376,3358,0:18:36.210000
408646418,-778307315,3358,0:18:36.310000
408646444,-778307258,3358,0:18:36.410000
408646471,-778307206,3358,0:18:36.510000
408646499,-778307153,3359,0:18:36.610000
408646527,-778307102,3359,0:18:36.710000
408646553,-778307049,3359,0:18:36.810000
408646581,-778306994,3360,0:18:36.910000
408646603,-778306940,3360,0:18:37.010000
408646628,-778306889,3360,0:18:37.110000
408646652,-778306841,3359,0:18:37.210000
408646680,-778306789,3360,0:18:37.310000
408646709,-778306744,3360,0:18:37.420000
408646739,-778306698,3361,0:18:37.510000
408646768,-778306654,3360,0:18:37.610000
408646799,-778306610,3361,0:18:37.710000
408646830,-778306565,3360,0:18:37.820000
408646858,-778306515,3361,0:18:37.910000
408646887,-778306466,3361,0:18:38.010000
408646919,-778306425,3361,0:18:38.110000
408646949,-778306381,3361,0:18:38.210000
408646982,-778306339,3361,0:18:38.310000
408647012,-778306295,3362,0:18:38.410000
408647043,-778306253,3361,0:18:38.510000
408647079,-778306213,3361,0:18:38.610000
408647111,-778306175,3362,0:18:38.710000
408647145,-778306137,3362,0:18:38.820000
408647181,-778306096,3363,0:18:38.910000
408647212,-778306050,3363,0:18:39.010000
408647247,-778306013,3363,0:18:39.110000
408647287,-778305979,3363,0:18:39.210000
408647323,-778305941,3363,0:18:39.310000
408647359,-778305903,3364,0:18:39.420000
408647398,-778305870,3364,0:18:39.510000
408647436,-778305837,3364,0:18:39.610000
408647477,-778305804,3364,0:18:39.710000
408647514,-778305767,3364,0:18:39.810000
408647552,-778305734,3364,0:18:39.910000
408647592,-778305699,3364,0:18:40.010000
408647633,-778305670,3365,0:18:40.110000
408647672,-778305642,3365,0:18:40.210000
408647672,-778305642,3365,0:18:40.310000
408647752,-778305582,3366,0:18:40.410000
408647752,-778305582,3366,0:18:40.510000
408647832,-778305533,3366,0:18:40.610000
408647832,-778305533,3366,0:18:40.710000
408647873,-778305508,3366,0:18:40.810000
408647915,-778305480,3366,0:18:40.910000
408647954,-778305458,3366,0:18:41.010000
408648034,-778305406,3366,0:18:41.110000
408648075,-778305389,3367,0:18:41.210000
408648113,-778305361,3366,0:18:41.310000
408648156,-778305339,3366,0:18:41.410000
408648192,-778305318,3366,0:18:41.510000
408648233,-778305296,3366,0:18:41.610000
408648272,-778305278,3366,0:18:41.710000
408648308,-778305257,3366,0:18:41.810000
408648347,-778305237,3366,0:18:41.910000
408648385,-778305217,3367,0:18:42.020000
408648423,-778305202,3367,0:18:42.110000
408648458,-778305182,3367,0:18:42.210000
408648495,-778305169,3367,0:18:42.310000
408648532,-778305152,3367,0:18:42.410000
408648568,-778305134,3367,0:18:42.520000
408648568,-778305134,3367,0:18:42.610000
408648604,-778305118,3367,0:18:42.710000
408648630,-778305096,3368,0:18:42.810000
408648664,-778305079,3368,0:18:42.920000
408648699,-778305063,3368,0:18:43.010000
408648735,-778305047,3368,0:18:43.110000
408648762,-778305031,3367,0:18:43.210000
408648794,-778305011,3368,0:18:43.310000
408648826,-778304997,3368,0:18:43.410000
408648854,-778304979,3369,0:18:43.510000
408648887,-778304967,3369,0:18:43.620000
408648913,-778304952,3369,0:18:43.710000
408648947,-778304938,3368,0:18:43.810000
408648974,-778304924,3369,0:18:43.910000
408649002,-778304906,3369,0:18:44.010000
408649031,-778304891,3370,0:18:44.110000
408649057,-778304886,3370,0:18:44.210000
408649088,-778304875,3370,0:18:44.310000
408649113,-778304863,3370,0:18:44.410000
408649141,-778304852,3370,0:18:44.510000
408649167,-778304841,3370,0:18:44.610000
408649196,-778304838,3370,0:18:44.710000
408649221,-778304825,3369,0:18:44.810000
408649246,-778304819,3370,0:18:44.910000
408649270,-778304806,3370,0:18:45.010000
408649299,-778304800,3369,0:18:45.110000
408649325,-778304792,3369,0:18:45.210000
408649349,-778304785,3368,0:18:45.310000
408649371,-778304776,3369,0:18:45.410000
408649395,-778304771,3369,0:18:45.510000
408649418,-778304763,3369,0:18:45.610000
408649435,-778304751,3369,0:18:45.720000
408649459,-778304748,3370,0:18:45.810000
